prev_civic_var_id	prev_civic_gene_id	prev_source	prev_chromosome	prev_start_position	prev_reference_allele	prev_alternative_allele	curr_civic_var_id	curr_civic_gene_id	curr_source	curr_chromosome	curr_start_position	curr_reference_allele	curr_alternative_allele
613	24	cDNA	chr13	28018505	C	A	613	24	cDNA	chr13	28018505	C	G
950	29	cDNA	chr4	54727420	C	T	950	29	gDNA	chr4	54727420	C	T
956	29	cDNA	chr4	54727431	GTACAG	-	956	29	gDNA	chr4	54727431	GTACAG	-
967	29	cDNA	chr4	54727443	GTTGTT	-	967	29	gDNA	chr4	54727443	GTTGTT	-
977	29	cDNA	chr4	54727501	ATG	-	977	29	gDNA	chr4	54727501	ATG	-
1187	19	cDNA	chr7	55191839	G	A	1187	19	gDNA	chr7	55191839	G	A
1488	4	cDNA	chr9	130874941	T	A	1488	4	gDNA	chr9	130874941	T	A
1494	4	cDNA	chr9	130872135	A	G	1494	4	gDNA	chr9	130872135	A	G
1505	1	cDNA	chr2	29220831	A	C	1505	1	gDNA	chr2	29220831	A	C
1506	4	cDNA	chr9	130872198	C	G	1506	4	gDNA	chr9	130872198	C	G
1508	4	cDNA	chr9	130874872	C	A	1508	4	gDNA	chr9	130874872	C	A
1527	4	cDNA	chr9	130872205	A	G	1527	4	gDNA	chr9	130872205	A	G
1529	4	cDNA	chr9	130872944	A	G	1529	4	gDNA	chr9	130872944	A	G
1530	4	cDNA	chr9	130874873	T	C	1530	4	gDNA	chr9	130874873	T	C
1533	4	cDNA	chr9	130878439	T	C	1533	4	gDNA	chr9	130878439	T	C
1537	4	cDNA	chr9	130880082	C	G	1537	4	gDNA	chr9	130880082	C	G
1553	1	cDNA	chr2	29220764	A	T	1553	1	gDNA	chr2	29220764	A	T
1554	1	cDNA	chr2	29222404	A	G	1554	1	gDNA	chr2	29222404	A	G
1556	1	cDNA	chr2	29220758	A	G	1556	1	gDNA	chr2	29220758	A	G
1574	19	cDNA	chr7	55181399	G	A	1574	19	gDNA	chr7	55181399	G	A
1595	4	cDNA	chr9	130862815	A	T	1595	4	gDNA	chr9	130862815	A	T
1597	4	cDNA	chr9	130862922	A	G	1597	4	gDNA	chr9	130862922	A	G
1598	4	cDNA	chr9	130862938	T	C	1598	4	gDNA	chr9	130862938	T	C
1600	4	cDNA	chr9	130862968	A	G	1600	4	gDNA	chr9	130862968	A	G
1602	4	cDNA	chr9	130863030	T	A	1602	4	gDNA	chr9	130863030	T	A
1610	4	cDNA	chr9	130874944	A	T	1610	4	gDNA	chr9	130874944	A	T
1613	4	cDNA	chr9	130875032	C	A	1613	4	gDNA	chr9	130875032	C	A
1614	4	cDNA	chr9	130875034	A	G	1614	4	gDNA	chr9	130875034	A	G
1616	4	cDNA	chr9	130878466	C	T	1616	4	gDNA	chr9	130878466	C	T
1622	4	cDNA	chr9	130878560	G	A	1622	4	gDNA	chr9	130878560	G	A
1623	4	cDNA	chr9	130880083	C	T	1623	4	gDNA	chr9	130880083	C	T
1624	4	cDNA	chr9	130880526	G	A	1624	4	gDNA	chr9	130880526	G	A
1640	4	cDNA	chr9	130872959	A	G	1640	4	gDNA	chr9	130872959	A	G
1656	4	cDNA	chr9	130872946	C	T	1656	4	gDNA	chr9	130872946	C	T
1769	58	cDNA	chr3	10146577	T	A	1769	58	gDNA	chr3	10146577	T	A
1780	58	cDNA	chr3	10149849	A	-	1780	58	gDNA	chr3	10149849	A	-
1795	58	cDNA	chr3	10142156	TG	-	1795	58	gDNA	chr3	10142156	TG	-
1820	58	cDNA	chr3	10146519	C	G	1820	58	gDNA	chr3	10146519	C	G
1861	58	cDNA	chr3	10149886	T	A	1861	58	gDNA	chr3	10149886	T	A
1862	58	cDNA	chr3	10149798	A	G	1862	58	gDNA	chr3	10149798	A	G
1908	58	cDNA	chr3	10142111	G	A	1908	58	gDNA	chr3	10142111	G	A
1924	58	cDNA	chr3	10149886	T	G	1924	58	gDNA	chr3	10149886	T	G
1957	58	cDNA	chr3	10146518	C	G	1957	58	gDNA	chr3	10146518	C	G
2000	58	cDNA	chr3	10146517	A	G	2000	58	gDNA	chr3	10146517	A	G
2005	58	cDNA	chr3	10149839	T	-	2005	58	gDNA	chr3	10149839	T	-
2009	58	cDNA	chr3	10142125	G	T	2009	58	gDNA	chr3	10142125	G	T
2030	58	cDNA	chr3	10146626	C	G	2030	58	gDNA	chr3	10146626	C	G
2033	58	cDNA	chr3	10149811	T	A	2033	58	gDNA	chr3	10149811	T	A
2034	58	cDNA	chr3	10146559	T	C	2034	58	gDNA	chr3	10146559	T	C
2035	58	cDNA	chr3	10149806	A	-	2035	58	gDNA	chr3	10149806	A	-
2057	58	cDNA	chr3	10146517	A	-	2057	58	gDNA	chr3	10146517	A	-
2069	58	cDNA	chr3	10142137	C	T	2069	58	gDNA	chr3	10142137	C	T
2070	58	cDNA	chr3	10149874	T	A	2070	58	gDNA	chr3	10149874	T	A
2100	58	cDNA	chr3	10149871	C	-	2100	58	gDNA	chr3	10149871	C	-
2112	58	cDNA	chr3	10142079	A	G	2112	58	gDNA	chr3	10142079	A	G
2117	58	cDNA	chr3	10142131	C	G	2117	58	gDNA	chr3	10142131	C	G
2118	58	cDNA	chr3	10142155	C	T	2118	58	gDNA	chr3	10142155	C	T
2120	58	cDNA	chr3	10146586	C	T	2120	58	gDNA	chr3	10146586	C	T
2126	58	cDNA	chr3	10149915	CT	-	2126	58	gDNA	chr3	10149915	CT	-
2127	58	cDNA	chr3	10142126	C	-	2127	58	gDNA	chr3	10142126	C	-
2128	58	cDNA	chr3	10142138	C	G	2128	58	gDNA	chr3	10142138	C	G
2139	58	cDNA	chr3	10149885	C	-	2139	58	gDNA	chr3	10149885	C	-
2145	58	cDNA	chr3	10142029	CCGT	-	2145	58	gDNA	chr3	10142029	CCGT	-
2157	58	cDNA	chr3	10146556	T	C	2157	58	gDNA	chr3	10146556	T	C
2177	58	cDNA	chr3	10142009	G	C	2177	58	gDNA	chr3	10142009	G	C
2370	4	cDNA	chr9	130878519	G	A	2370	4	gDNA	chr9	130878519	G	A
